code,name,industry,industry_standard,as_of,last_close,average_amount_20d,momentum_60d,revenue_yoy,profit_yoy,latest_week_end,sector_estimated_net_flow,sector_flow_to_amount,sector_score,rounded_bottom,rounded_score,rounded_r2,rounded_curvature,rounded_recovery,last_5d_return,accumulation_anomaly,accumulation_score,main_net_10d,main_positive_ratio,main_flow_zscore,volume_ratio,price_return_10d,revenue_yoy_w,profit_yoy_w,financial_growth,industry_financial_growth_mean,industry_momentum_mean,growth_metric,industry_growth_mean,growth_above_avg,growth_source,growth_percentile,composite_score,hard_signal,watch_signal,recommendation_status,planned_holding_days,entry_rule,reference_stop,reference_target,exit_rule
300690,双一科技,风电设备,申万二级行业,2026-09-29,26.68,187403946.7,0.1480206540447504,,,2026-10-02,7378815700.929539,0.25669005205537837,0.992,False,1.0,0.732707764833892,0.06824014858745225,0.39030745179781134,0.09344262295081962,True,0.8334102026665895,1118601816.4159353,0.7,1.978283766294358,1.860161507112666,0.1121300541892456,,,,,-0.048483105054146165,0.1480206540447504,-0.048483105054146165,True,60日价格动量(财报缺失后备),0.9333333333333333,0.9400858839999807,True,True,触发候选,1,下一交易日开盘；若较参考收盘高开超过3%则跳过,25.8796,28.280800000000003,止损3% / 止盈6% / 最长1日
300569,天能重工,风电设备,申万二级行业,2026-09-29,5.36,160041778.8,0.09387755102040818,,,2026-10-02,7378815700.929539,0.25669005205537837,0.992,False,1.0,0.39978898724368794,0.028752941111706815,0.2017937219730943,0.0551181102362206,True,0.8693122454929316,966589429.5167669,0.8,1.9109353791077635,4.075632962886092,0.026819923371647514,,,,,-0.048483105054146165,0.09387755102040818,-0.048483105054146165,True,60日价格动量(财报缺失后备),0.8666666666666667,0.9323947280398996,True,True,触发候选,1,下一交易日开盘；若较参考收盘高开超过3%则跳过,5.1992,5.6816,止损3% / 止盈6% / 最长1日
300904,威力传动,风电设备,申万二级行业,2026-09-29,46.94,84125612.6,0.12674027844455127,,,2026-10-02,7378815700.929539,0.25669005205537837,0.992,False,1.0,0.5862935621629555,0.009884306502529465,0.35001438021282705,0.06031172351479541,True,0.8261040718501755,439522597.0947758,0.7,1.8008672654181301,4.61384108180799,0.09162790697674406,,,,,-0.048483105054146165,0.12674027844455127,-0.048483105054146165,True,60日价格动量(财报缺失后备),0.9,0.9299260179625439,True,True,触发候选,1,下一交易日开盘；若较参考收盘高开超过3%则跳过,45.5318,49.7564,止损3% / 止盈6% / 最长1日
301456,盘古智能,风电设备,申万二级行业,2026-09-29,26.29,73376364.15,0.08189300411522638,,,2026-10-02,7378815700.929539,0.25669005205537837,0.992,False,1.0,0.6576907921083097,0.030040432777414243,0.29252704031465093,0.04908220271348762,True,0.8512097764501361,466072766.35207343,0.7,2.0100814704178007,3.187323457176998,0.061364553895841834,,,,,-0.048483105054146165,0.08189300411522638,-0.048483105054146165,True,60日价格动量(财报缺失后备),0.8,0.911202444112534,True,True,触发候选,1,下一交易日开盘；若较参考收盘高开超过3%则跳过,25.501299999999997,27.8674,止损3% / 止盈6% / 最长1日
001228,永泰运,物流,申万二级行业,2026-09-29,37.67,95277714.75,0.3292166549047284,,,2026-10-02,7173577.135708928,0.0009475297208708514,0.84,True,1.0,0.9262250785414464,0.12671201950455216,0.49662296384584814,0.10501613376356689,True,0.7189333705435144,357967369.66009945,0.7,1.3027240750361075,1.5260648153918144,0.16842431761786592,,,,,0.027071634147533295,0.3292166549047284,0.027071634147533295,True,60日价格动量(财报缺失后备),1.0,0.8977333426358786,True,True,触发候选,1,下一交易日开盘；若较参考收盘高开超过3%则跳过,36.5399,39.930200000000006,止损3% / 止盈6% / 最长1日
002285,世联行,房地产服务,申万二级行业,2026-09-29,3.21,544486713.8,0.5507246376811594,,,2026-10-02,1974398555.4108703,0.18779056294287128,0.952,True,1.0,0.8186693330709127,0.16736381331054498,0.6461538461538461,0.00943396226415083,False,0.6599444808667088,961916669.5038576,0.5,0.9162040072225729,2.7323074327771457,0.47926267281105983,,,,,0.2667653672653298,0.5507246376811594,0.2667653672653298,True,60日价格动量(财报缺失后备),0.9,0.8803861202166772,True,True,触发候选,1,下一交易日开盘；若较参考收盘高开超过3%则跳过,3.1136999999999997,3.4026,止损3% / 止盈6% / 最长1日
000014,沙河股份,房地产开发,申万二级行业,2026-09-29,11.55,88639615.55,0.2513542795232937,,,2026-10-02,11906514688.31833,0.3286613032104585,1.0,False,0.9836144029170462,0.7365943759787111,-0.05515408943271552,0.3445867287543656,0.0528714676390154,True,0.591317463977276,204953594.4078793,0.7,0.46147932802145053,1.2593994461470206,0.1584754262788366,,,,,0.10099184945651751,0.2513542795232937,0.10099184945651751,True,60日价格动量(财报缺失后备),0.9342105263157895,0.8764663184483803,True,True,触发候选,1,下一交易日开盘；若较参考收盘高开超过3%则跳过,11.2035,12.243000000000002,止损3% / 止盈6% / 最长1日
603248,锡华科技,风电设备,申万二级行业,2026-09-29,21.31,280359642.3,0.011390602752728851,,,2026-10-02,7378815700.929539,0.25669005205537837,0.992,False,1.0,0.380484474265124,0.13369407133932493,0.26996424314660294,-0.12123711340206189,True,0.8081773723354058,659588918.9567149,0.7,1.651478102795048,8.741089099076515,0.15438786565547113,,,,,-0.048483105054146165,0.011390602752728851,-0.048483105054146165,True,60日价格动量(财报缺失后备),0.6666666666666666,0.8671110097505181,True,True,触发候选,1,下一交易日开盘；若较参考收盘高开超过3%则跳过,20.670699999999997,22.5886,止损3% / 止盈6% / 最长1日
601155,新城控股,房地产开发,申万二级行业,2026-09-29,13.01,296772446.25,0.22735849056603774,,,2026-10-02,11906514688.31833,0.3286613032104585,1.0,False,1.0,0.6126802925862018,0.02176502948698737,0.28303747534516766,0.024409448818897728,True,0.5689111323620507,980442267.5555861,0.6,0.6725739562868438,1.0820225760762947,0.15336879432624118,,,,,0.10099184945651751,0.22735849056603774,0.10099184945651751,True,60日价格动量(财报缺失后备),0.881578947368421,0.862622519932618,True,True,触发候选,1,下一交易日开盘；若较参考收盘高开超过3%则跳过,12.6197,13.790600000000001,止损3% / 止盈6% / 最长1日
000797,中国武夷,房地产开发,申万二级行业,2026-09-29,2.7,127127124.1,0.1842105263157896,,,2026-10-02,11906514688.31833,0.3286613032104585,1.0,False,0.94785178189742,0.8701758829669798,0.01433270788803234,0.21621621621621623,-0.007352941176470562,True,0.6847505285233706,432875929.739061,0.7,0.8324966843821191,1.7485092639751623,0.09311740890688247,,,,,0.10099184945651751,0.1842105263157896,0.10099184945651751,True,60日价格动量(财报缺失后备),0.7763157894736842,0.8496221140684898,True,True,触发候选,1,下一交易日开盘；若较参考收盘高开超过3%则跳过,2.619,2.8620000000000005,止损3% / 止盈6% / 最长1日
