industry,week_end,estimated_net_flow,total_amount,positive_days,trading_days,constituents,positive_day_ratio,flow_to_amount,rank,week_complete
未分类,2026-07-03,-2349369027577.946,10213070013740.0,0,3,4991,0.0,-0.23003553529127457,1.0,True
未分类,2026-07-10,-2561358198286.377,14414027296240.0,1,5,4992,0.2,-0.17769899734784914,1.0,True
未分类,2026-07-17,-3410200511708.4814,13046801049435.0,1,5,4995,0.2,-0.26138211955459856,1.0,True
未分类,2026-07-24,-41726376749.72778,12345869137780.0,1,5,4995,0.2,-0.003379784467505777,1.0,True
未分类,2026-07-31,-350290498443.71545,10864567440198.0,2,5,4994,0.4,-0.03224155037665555,1.0,True
未分类,2026-08-07,3560763484411.264,11805792561321.0,4,5,4995,0.8,0.301611557709162,1.0,True
未分类,2026-08-14,-999963991661.1304,11450953541004.0,3,5,4997,0.6,-0.08732582732786594,1.0,True
未分类,2026-08-21,85440148880.98074,10989021108452.0,2,5,4993,0.4,0.007775046388369029,1.0,True
未分类,2026-08-28,660692662719.6793,9666482568891.0,3,5,4997,0.6,0.0683488185088072,1.0,True
未分类,2026-09-04,-939851698505.8582,9558768608380.0,1,5,4994,0.2,-0.09832351184669405,1.0,True
未分类,2026-09-11,-17971897670.694916,9200694584149.0,2,5,4993,0.4,-0.0019533196658496834,1.0,True
未分类,2026-09-18,425873823603.75586,8784712944888.0,3,5,4990,0.6,0.048478968666993305,1.0,True
未分类,2026-09-25,-1762672455208.7478,7405086989565.0,1,4,4990,0.25,-0.23803534755130448,1.0,True
未分类,2026-10-02,-1009224993774.3436,4431121655751.0,1,3,4991,0.3333333333333333,-0.22775835830742885,1.0,False
