code,date,open,high,low,close,volume,amount,main_net,industry,name,ret5,ret10,ret20,ret60,ma20_gap,breakout20,vol20,amount_ratio5_20,flow5,flow10,flow_positive_ratio10,flow_z,net_return_1d,net_return_2d,net_return_3d,market_ret20,market_breadth,median_vol20,sector_flow5,mom20_rank,mom60_rank,flow10_rank,vol20_rank,ret5_industry_rank,sector_flow_rank,signal_score,strategy,horizon,net_return
002991,2026-08-25,38.78,39.45,38.68,39.27,1179900.0,46182438.0,24590648.80519493,未分类,甘源食品,-0.09097222222222223,-0.09160305343511432,-0.05053191489361697,-0.1949569495694956,-0.07674946220127188,-0.1253897550111358,0.019255268894144972,1.1577807797012378,0.16918502855738718,0.16756961038210166,0.7,0.13128488455640397,-0.005699410709710538,-0.007749116064565807,-0.006211837048424272,0.06929637526652432,0.5443443443443443,0.026938626820980673,-0.1181135005163605,0.05675675675675676,0.24278846153846154,0.8450450450450451,0.2564564564564565,0.13373373373373373,0.5001001001001001,0.7916416416416416,cross_sectional_reversal,1,-0.005699410709710538
601919,2026-08-31,16.64,17.05,16.62,17.0,107886126.0,1823490425.0,1399422884.3023193,未分类,中远海控,-0.024110218140068973,0.0644959298685035,0.08142493638676851,0.1333333333333333,0.05038771664246666,-0.029680365296803624,0.015621981620007799,1.160229545436746,0.13803301182438657,0.4114373861981418,0.8,0.32247125012978145,-0.0033636684303351523,-0.031600000000000024,-0.031600000000000024,0.049844236760124616,0.6212697776887642,0.02519613516446099,0.20574660460999838,0.6070498698177449,0.9050100200400801,0.9789705587822952,0.15802122972161026,0.07971159623472862,0.5001001401962748,0.8699679551371922,cross_sectional_reversal,2,-0.031600000000000024
600015,2026-09-01,6.2,6.34,6.19,6.32,174569438.0,1093637825.0,802001071.6666719,未分类,华夏银行,-0.0637037037037037,-0.04097116843702575,-0.08272859216255435,-0.06921944035346095,-0.05019537120528983,-0.0984308131241084,0.015467620917523081,1.7003216038659343,0.4129245539257663,0.2870929746027932,0.5,0.10985452937157263,-0.01739778830963663,-0.011078672985782089,-0.0031797788309636072,0.045205479452054886,0.6326857600640897,0.02509916896446579,0.10466958457934038,0.05147206088523933,0.37374749498997994,0.8958541958742239,0.14880833166433005,0.029240937312237134,0.5001001401962748,0.8619867814940918,cross_sectional_reversal,2,-0.011078672985782089
300890,2026-09-02,26.47,26.71,26.16,26.55,4463177.0,117884819.0,49297287.945454575,未分类,翔丰华,-0.05650319829424311,0.018802762854950084,0.01413292589763171,-0.21333333333333326,-0.010933745599493339,-0.05650319829424311,0.018096237646965486,1.2818733636361874,0.0008351323035155243,0.303641305740981,0.6,0.4811620138396151,-0.013964181341326442,-0.03159999999999991,-0.03159999999999991,0.022809215986629217,0.5502603123748498,0.025024610825152956,0.06472003037468803,0.45835002002402886,0.15404647435897437,0.828994793752503,0.24769723668402083,0.05867040448538246,0.500100120144173,0.816925310372447,cross_sectional_reversal,2,-0.03159999999999991
002183,2026-09-03,4.46,4.52,4.34,4.35,42492193.0,186739822.0,-165990952.88888928,未分类,怡 亚 通,-0.05434782608695654,-0.006849315068493178,-0.07249466950959504,-0.2395104895104896,-0.035583638177585586,-0.08421052631578951,0.021363742577061445,1.081899598616521,0.18470497187539606,0.3472069716629047,0.9,0.5369205643210715,-0.003893577981651529,-0.0016,0.03739082568807333,0.014315065075767297,0.4929915899078895,0.025014464651957585,-0.07748396476294808,0.12595114136964358,0.10236378205128205,0.9443331998398078,0.38045654785742894,0.11253504205046055,0.500100120144173,0.8224719663596316,cross_sectional_reversal,2,-0.0016
300057,2026-09-04,6.63,6.64,6.37,6.41,27307521.0,177961361.0,-125232068.85185172,未分类,万顺新材,-0.07902298850574707,-0.021374045801526687,-0.018376722817764146,-0.21542227662178703,-0.02760922330097093,-0.08034433285509324,0.020319625633600364,1.0402568521027113,-0.10292696334873008,0.23266524742957642,0.6,0.2804795447078002,0.007789671361502483,0.010919561815336421,0.006224726134585403,0.00879120879120876,0.48267574604446223,0.025028518533499623,-0.09832351184669415,0.37772882034848787,0.13524343818873974,0.9034648507911075,0.34127778890446625,0.07089925896254756,0.5001001401962748,0.8287402363308631,cross_sectional_reversal,2,0.010919561815336421
300057,2026-09-07,6.39,6.49,6.34,6.45,15558420.0,100262585.0,46789206.33333341,未分类,万顺新材,-0.05976676384839652,-0.012251148545176171,-0.019756838905775065,-0.21723300970873782,-0.020575506795232013,-0.07460545193687229,0.020291294302158442,0.8959301579169193,-0.2358355013968037,0.27106507087530957,0.7,0.337099092871746,0.006188161993769416,0.0015152647975078995,-0.012503426791277316,-0.0014164305949008194,0.5283396755457641,0.024743984365507034,-0.14796104702423496,0.3991588223512918,0.121418553396113,0.9212898057280192,0.3599038654115762,0.08732225115161225,0.5001001401962748,0.8265471660324454,cross_sectional_reversal,2,0.0015152647975078995
300057,2026-09-08,6.42,6.54,6.42,6.47,15355837.0,99434010.0,-16572335.000000369,未分类,万顺新材,-0.05547445255474448,-0.010703363914373099,-0.004615384615384688,-0.26809954751131226,-0.017314702308627083,-0.07173601147776187,0.02012804761672063,0.8113377145079829,-0.30685950625325253,0.22621667661759573,0.6,0.21543151364174049,-0.004695975232198067,-0.01862786377708987,-0.031600000000000024,0.012578896231522863,0.5915464743589743,0.024637663751058206,-0.1259537061914501,0.41967147435897434,0.0935871743486974,0.8946314102564102,0.3479567307692308,0.06710737179487179,0.5001001602564102,0.8264973958333333,cross_sectional_reversal,2,-0.01862786377708987
002890,2026-09-09,15.05,15.12,14.68,14.76,2272500.0,33767866.0,-21488641.99999997,未分类,弘宇股份,-0.09225092250922518,0.005449591280654031,0.05428571428571427,-0.024454725710508995,-0.0037796976241902813,-0.110843373493976,0.02192508373409509,1.3781146181795756,-0.1299860938669435,0.27161410212467363,0.7,0.47666542338506435,-0.009113661202185885,-0.03159999999999991,-0.03159999999999991,-0.003558718861210064,0.5483870967741935,0.024622682813184256,-0.1161331005776205,0.757563614506111,0.5415915013028663,0.9402925265477861,0.4145461831296333,0.014826688038469244,0.5001001803245843,0.8567321178120618,cross_sectional_reversal,2,-0.03159999999999991
002653,2026-09-10,62.77,63.74,62.31,62.6,2932562.0,184578676.0,-109714597.62237784,未分类,海思科,-0.07954712542273201,-0.06287425149700587,-0.09117305458768865,0.3096234309623431,-0.0631617542520635,-0.12801225797464832,0.02317429475021517,1.1343246628432264,-0.036286516899520324,0.1463525969617337,0.7,0.31974552603845563,-0.004467611916520629,0.017995348096224318,0.009870447666082516,-0.004305043050430557,0.44197233914612144,0.024503918009555693,-0.12766656099976917,0.167568651032271,0.9667134549829557,0.8679094006814992,0.4592102625776709,0.04209260372820205,0.5001002204850672,0.8160252555622368,cross_sectional_reversal,2,0.017995348096224318
603983,2026-09-14,33.07,34.61,31.33,31.45,7226126.0,234499196.0,-217340718.2439023,未分类,丸美生物,-0.07744206512173668,0.10157618213660236,0.09201388888888884,0.45669291338582685,0.05205057871144714,-0.0944428448027641,0.029300748452931118,1.2816079037020052,-0.2016974333891875,0.19264832841847643,0.6,0.2696756139485614,-0.031600000000000024,-0.031600000000000024,-0.031600000000000024,-0.033153942785359436,0.28316633266533064,0.024532845016953936,-0.04319748404548297,0.9166332665330661,0.9885725741780272,0.944689378757515,0.6342685370741483,0.10140280561122245,0.5001002004008016,0.8016683366733467,cross_sectional_reversal,1,-0.031600000000000024
300132,2026-09-16,6.01,6.1,5.98,6.04,9020080.0,54584526.0,0.0,未分类,诺斯贝尔,-0.09985096870342769,-0.05031446540880502,-0.027375201288244777,0.018549747048903997,-0.04799432579399476,-0.10518518518518516,0.01937989147995163,1.0013754039291087,-0.34916235904027426,0.101868518220181,0.5,-0.25301037871987636,0.00993212520593061,0.00993212520593061,0.04947084019769359,0.0,0.27666399358460303,0.022696680262438856,0.033412942671608444,0.34783480352846835,0.6799679165831161,0.8775060144346432,0.35886126704089816,0.054931836407377706,0.5001002405773858,0.8242832798716921,cross_sectional_reversal,1,0.00993212520593061
002596,2026-09-17,3.38,3.38,3.26,3.35,28427850.0,94052775.0,47026387.50000034,未分类,海南瑞泽,-0.07713498622589532,0.0029940119760478723,0.046875,0.12416107382550345,-0.0082889283599763,-0.09214092140921404,0.022821758763540333,1.1733954874513632,0.0107098619923123,0.23565139684334263,0.6,0.1760540219026527,0.0013673590504450952,0.019171513353115666,-0.031600000000000024,-0.013521328513471209,0.2791583166332665,0.02221688474467293,0.035614661724142856,0.7790581162324649,0.8538785327720986,0.9595190380761524,0.5234468937875751,0.06352705410821644,0.5001002004008016,0.8330911823647296,cross_sectional_reversal,1,0.0013673590504450952
000921,2026-09-18,28.02,28.17,27.48,27.65,6568208.0,182188634.0,-92414524.49275476,未分类,海信家电,-0.050480769230769273,-0.008249641319942658,0.10599999999999987,0.044184290030211404,0.0163572872633706,-0.06143923964697906,0.017019496226288157,1.1374462251116424,-0.06504009516754182,0.23140577499173556,0.6,0.01274692832602806,-0.031600000000000024,-0.031600000000000024,-0.031600000000000024,-0.0006056274850899657,0.3885771543086172,0.02217308780145953,0.048478968666993194,0.8675350701402805,0.5887775551102205,0.9234468937875752,0.2715430861723447,0.0468937875751503,0.5001002004008016,0.8523096192384769,cross_sectional_reversal,1,-0.031600000000000024
