date,strategy,horizon,objective,lookback_metrics
2026-07-01,cash,1,-999.0,
2026-07-02,cash,1,-999.0,
2026-07-03,cash,1,-999.0,
2026-07-06,bull_momentum,1,0.00024788649457038595,"{'trades': 8, 'signal_days': 8, 'win_rate': 0.5, 'mean_return': 0.0025221049550998645, 'median_return': 0.0009356254633727149, 'daily_sharpe': 1.1887690376374234, 'max_drawdown': -0.03271289604808414, 'profit_factor': 1.2102866652616693}"
2026-07-07,bull_momentum,2,-0.0005134139717902281,"{'trades': 8, 'signal_days': 8, 'win_rate': 0.375, 'mean_return': 0.00215000000000002, 'median_return': -0.03159999999999991, 'daily_sharpe': 0.7327310658180286, 'max_drawdown': -0.06220143999999994, 'profit_factor': 1.108860759493672}"
2026-07-08,bull_momentum,3,-0.0005634139717902282,"{'trades': 8, 'signal_days': 8, 'win_rate': 0.375, 'mean_return': 0.00215000000000002, 'median_return': -0.03159999999999991, 'daily_sharpe': 0.7327310658180286, 'max_drawdown': -0.06220143999999994, 'profit_factor': 1.108860759493672}"
2026-07-09,cash,1,-999.0,
2026-07-10,cash,1,-999.0,
2026-07-13,cash,1,-999.0,
2026-07-14,cash,1,-999.0,
2026-07-15,cash,1,-999.0,
2026-07-16,cash,1,-999.0,
2026-07-17,cash,1,-999.0,
2026-07-20,cash,1,-999.0,
2026-07-21,cash,1,-999.0,
2026-07-22,cash,1,-999.0,
2026-07-23,cash,1,-999.0,
2026-07-24,cash,1,-999.0,
2026-07-27,cash,1,-999.0,
2026-07-28,cash,1,-999.0,
2026-07-29,cash,1,-999.0,
2026-07-30,cash,1,-999.0,
2026-07-31,cash,1,-999.0,
2026-08-03,cash,1,-999.0,
2026-08-04,cash,1,-999.0,
2026-08-05,cash,1,-999.0,
2026-08-06,cash,1,-999.0,
2026-08-07,cash,1,-999.0,
2026-08-10,cash,1,-999.0,
2026-08-11,cash,1,-999.0,
2026-08-12,cash,1,-999.0,
2026-08-13,cash,1,-999.0,
2026-08-14,cash,1,-999.0,
2026-08-17,weak_reversal,3,-0.0004909852651343947,"{'trades': 12, 'signal_days': 12, 'win_rate': 0.5833333333333334, 'mean_return': 0.0032985881503122642, 'median_return': 0.002498917673578284, 'daily_sharpe': 1.8339272269611517, 'max_drawdown': -0.09183587449600017, 'profit_factor': 1.3917444561233985}"
2026-08-18,weak_reversal,3,-0.0009018454989700041,"{'trades': 11, 'signal_days': 11, 'win_rate': 0.5454545454545454, 'mean_return': 0.002384017697940436, 'median_return': 0.0015558185404338967, 'daily_sharpe': 1.2716195989764065, 'max_drawdown': -0.09183587449600006, 'profit_factor': 1.2595348477645412}"
2026-08-19,weak_reversal,3,-0.0008629206179171147,"{'trades': 10, 'signal_days': 10, 'win_rate': 0.6, 'mean_return': 0.0026528857889780025, 'median_return': 0.002498917673578284, 'daily_sharpe': 1.3430203154241762, 'max_drawdown': -0.09183587449600017, 'profit_factor': 1.2633440600681423}"
2026-08-20,weak_reversal,2,-0.00017074656735782036,"{'trades': 8, 'signal_days': 8, 'win_rate': 0.375, 'mean_return': 0.0019180352841774084, 'median_return': -0.0057411561351491495, 'daily_sharpe': 0.9793591544804856, 'max_drawdown': -0.042280503383970935, 'profit_factor': 1.1790227941870213}"
2026-08-21,weak_reversal,3,0.0012910074123755452,"{'trades': 8, 'signal_days': 8, 'win_rate': 0.625, 'mean_return': 0.006180099005769816, 'median_return': 0.002498917673578284, 'daily_sharpe': 2.989186367811805, 'max_drawdown': -0.03160000000000007, 'profit_factor': 1.7150989286563783}"
2026-08-24,cash,1,-999.0,
2026-08-25,cross_sectional_reversal,1,-0.00022041311158318597,"{'trades': 39, 'signal_days': 39, 'win_rate': 0.5384615384615384, 'mean_return': 0.0010622906129524085, 'median_return': 0.0023588281868565557, 'daily_sharpe': 0.8361698285670522, 'max_drawdown': -0.05475241438722134, 'profit_factor': 1.1496205071603698}"
2026-08-26,cash,1,-999.0,
2026-08-27,cash,1,-999.0,
2026-08-28,cash,1,-999.0,
2026-08-31,cross_sectional_reversal,2,-0.0006750277341413419,"{'trades': 39, 'signal_days': 39, 'win_rate': 0.4358974358974359, 'mean_return': 0.0017206698606665692, 'median_return': -0.004621148036253862, 'daily_sharpe': 1.0217092984416871, 'max_drawdown': -0.09701287977332074, 'profit_factor': 1.18558613019018}"
2026-09-01,cross_sectional_reversal,2,0.0008775657666208269,"{'trades': 39, 'signal_days': 39, 'win_rate': 0.46153846153846156, 'mean_return': 0.0034482245085751986, 'median_return': -0.004190673575129432, 'daily_sharpe': 1.9435943294617888, 'max_drawdown': -0.07794880885820499, 'profit_factor': 1.3813806608901609}"
2026-09-02,cross_sectional_reversal,2,0.0008775657666208252,"{'trades': 39, 'signal_days': 39, 'win_rate': 0.46153846153846156, 'mean_return': 0.003448224508575196, 'median_return': -0.004190673575129432, 'daily_sharpe': 1.943594329461787, 'max_drawdown': -0.07794880885820499, 'profit_factor': 1.3813806608901604}"
2026-09-03,cross_sectional_reversal,2,0.0009172463675994103,"{'trades': 39, 'signal_days': 39, 'win_rate': 0.46153846153846156, 'mean_return': 0.003506230090689993, 'median_return': -0.004190673575129432, 'daily_sharpe': 1.9786201475349159, 'max_drawdown': -0.0779488088582051, 'profit_factor': 1.3903001812584728}"
2026-09-04,cross_sectional_reversal,2,0.000917246367599412,"{'trades': 39, 'signal_days': 39, 'win_rate': 0.46153846153846156, 'mean_return': 0.0035062300906899993, 'median_return': -0.004190673575129432, 'daily_sharpe': 1.9786201475349199, 'max_drawdown': -0.07794880885820521, 'profit_factor': 1.3903001812584737}"
2026-09-07,cross_sectional_reversal,2,-4.806148739518643e-05,"{'trades': 39, 'signal_days': 39, 'win_rate': 0.4358974358974359, 'mean_return': 0.001967768552228457, 'median_return': -0.004190673575129432, 'daily_sharpe': 1.1720803402889024, 'max_drawdown': -0.07407485796706093, 'profit_factor': 1.218048712757749}"
2026-09-08,cross_sectional_reversal,2,0.0006957443969825996,"{'trades': 39, 'signal_days': 39, 'win_rate': 0.46153846153846156, 'mean_return': 0.003058013726980675, 'median_return': -0.0016, 'daily_sharpe': 1.859513553995557, 'max_drawdown': -0.07407485796706093, 'profit_factor': 1.3722843469897132}"
2026-09-09,cross_sectional_reversal,2,0.0012803338016328478,"{'trades': 39, 'signal_days': 39, 'win_rate': 0.48717948717948717, 'mean_return': 0.003907123080762933, 'median_return': -0.0016, 'daily_sharpe': 2.4341988791437745, 'max_drawdown': -0.07407485796706104, 'profit_factor': 1.527709214431148}"
2026-09-10,cross_sectional_reversal,2,0.0004909047125126433,"{'trades': 39, 'signal_days': 39, 'win_rate': 0.46153846153846156, 'mean_return': 0.0029278439797088027, 'median_return': -0.0016, 'daily_sharpe': 1.8158207809812146, 'max_drawdown': -0.08000858776761555, 'profit_factor': 1.3714798186880215}"
2026-09-11,cash,1,-999.0,
2026-09-14,cross_sectional_reversal,1,0.00031828793327290145,"{'trades': 40, 'signal_days': 40, 'win_rate': 0.475, 'mean_return': 0.0016498992356338068, 'median_return': -0.0010825092345698823, 'daily_sharpe': 1.5651591807846394, 'max_drawdown': -0.04889227049305522, 'profit_factor': 1.3080034625208985}"
2026-09-15,cash,1,-999.0,
2026-09-16,cross_sectional_reversal,1,-5.570582344971604e-06,"{'trades': 40, 'signal_days': 40, 'win_rate': 0.475, 'mean_return': 0.0011404762274165824, 'median_return': -0.0010825092345698823, 'daily_sharpe': 1.0656572490814327, 'max_drawdown': -0.047279518793652886, 'profit_factor': 1.1980153905579867}"
2026-09-17,cross_sectional_reversal,1,0.00016691516999690046,"{'trades': 40, 'signal_days': 40, 'win_rate': 0.5, 'mean_return': 0.0013894711814642204, 'median_return': -0.0010523462259701783, 'daily_sharpe': 1.2941021711158902, 'max_drawdown': -0.04727951879365222, 'profit_factor': 1.241276165958653}"
2026-09-18,cross_sectional_reversal,1,0.0004623597803728285,"{'trades': 40, 'signal_days': 40, 'win_rate': 0.525, 'mean_return': 0.001811062961039085, 'median_return': 0.00031161678252893533, 'daily_sharpe': 1.708940985026288, 'max_drawdown': -0.047279518793652886, 'profit_factor': 1.3371656592433108}"
2026-09-21,cash,1,-999.0,
2026-09-22,cash,1,-999.0,
2026-09-23,cash,1,-999.0,
2026-09-24,cash,1,-999.0,
2026-09-28,cash,1,-999.0,
2026-09-29,cash,1,-999.0,
2026-09-30,cash,1,-999.0,
